{"epoch": 2, "train_loss": 0.15311900432805836, "train_acc": 0.9411180124223603, "val_loss": 0.8496039522782205, "val_acc": 0.7976190476190477, "_timestamp": 1701476171.2227402, "_runtime": 69.12540411949158, "_step": 1, "_wandb": {"runtime": 68}}