{"epoch": 30, "train_loss": 0.10240365584907324, "train_acc": 0.9637267080745342, "val_loss": 0.9672531703161815, "val_acc": 0.7341269841269841, "_timestamp": 1701495967.862768, "_runtime": 975.3660268783569, "_step": 29, "_wandb": {"runtime": 975}}