{"epoch": 10, "train_loss": 0.10191094293820191, "train_acc": 0.9649689440993788, "val_loss": 0.8158446788078263, "val_acc": 0.8055555555555556, "_timestamp": 1701500412.0482576, "_runtime": 342.8858525753021, "_step": 9, "_wandb": {"runtime": 342}}