{"epoch": 30, "train_loss": 7.046787177613121e-05, "train_acc": 1.0, "val_loss": 0.5297855312625567, "val_acc": 0.8888888888888888, "_timestamp": 1701498516.5507143, "_runtime": 2544.0998861789703, "_step": 29, "_wandb": {"runtime": 2542}}