{"epoch": 10, "train_loss": 0.10593249512570245, "train_acc": 0.9580124223602484, "val_loss": 0.9975469689520579, "val_acc": 0.6904761904761905, "_timestamp": 1701543589.8715756, "_runtime": 329.07628655433655, "_step": 9, "_wandb": {"runtime": 328}}