{"epoch": 10, "train_loss": 0.0005436590513990655, "train_acc": 1.0, "val_loss": 0.3200465293751844, "val_acc": 0.9228070175438596, "_timestamp": 1701550367.8209355, "_runtime": 811.5018994808197, "_step": 9, "_wandb": {"runtime": 810}}