{"epoch": 10, "train_loss": 0.0005209478576883084, "train_acc": 1.0, "val_loss": 0.4830250366154822, "val_acc": 0.9206349206349206, "_timestamp": 1701482071.3232105, "_runtime": 837.2292854785919, "_step": 9, "_wandb": {"runtime": 836}}