{"epoch": 30, "train_loss": 0.07381987610669888, "train_acc": 0.9749068322981367, "val_loss": 0.7096059287026052, "val_acc": 0.8412698412698413, "_timestamp": 1701487747.7214563, "_runtime": 3416.6106033325195, "_step": 29, "_wandb": {"runtime": 3416}}