{"epoch": 20, "train_loss": 0.00022877485473620017, "train_acc": 1.0, "val_loss": 0.4212061554740464, "val_acc": 0.9007936507936508, "_timestamp": 1701545281.839263, "_runtime": 1688.2574398517609, "_step": 19, "_wandb": {"runtime": 1687}}