{"epoch": 10, "train_loss": 0.1369960603932416, "train_acc": 0.9485714285714286, "val_loss": 1.1034934757247803, "val_acc": 0.6666666666666666, "_timestamp": 1701479229.9036129, "_runtime": 331.6327657699585, "_step": 9, "_wandb": {"runtime": 331}}