{"epoch": 20, "train_loss": 0.0985355451249558, "train_acc": 0.9637267080745342, "val_loss": 1.342573790988397, "val_acc": 0.8015873015873016, "_timestamp": 1701546248.1945772, "_runtime": 681.5416111946106, "_step": 19, "_wandb": {"runtime": 681}}