{"epoch": 10, "train_loss": 0.0009092208184157238, "train_acc": 1.0, "val_loss": 0.47203329847090775, "val_acc": 0.8928571428571429, "_timestamp": 1701475753.051223, "_runtime": 865.5317630767822, "_step": 9, "_wandb": {"runtime": 864}}