{"epoch": 2, "train_loss": 0.0403106723140393, "train_acc": 0.986335403726708, "val_loss": 0.5754505315470317, "val_acc": 0.7817460317460317, "_timestamp": 1701476495.9951217, "_runtime": 173.04931163787842, "_step": 1, "_wandb": {"runtime": 171}}