{"epoch": 10, "train_loss": 0.0004054141746055167, "train_acc": 1.0, "val_loss": 0.655156248343701, "val_acc": 0.8968253968253969, "_timestamp": 1701484113.9969587, "_runtime": 828.5342228412628, "_step": 9, "_wandb": {"runtime": 827}}