{"epoch": 10, "train_loss": 0.09803707989846698, "train_acc": 0.9634782608695652, "val_loss": 1.0508030142102922, "val_acc": 0.6944444444444444, "_timestamp": 1701478132.9387352, "_runtime": 336.65575528144836, "_step": 9, "_wandb": {"runtime": 336}}