{"epoch": 50, "train_loss": 0.07006316132982325, "train_acc": 0.9701863354037267, "val_loss": 1.124728378795442, "val_acc": 0.7301587301587301, "_timestamp": 1701492796.353941, "_runtime": 1778.7946898937225, "_step": 49, "_wandb": {"runtime": 1778}}