{"epoch": 10, "train_loss": 0.11650861540381212, "train_acc": 0.951304347826087, "val_loss": 0.8786297357744641, "val_acc": 0.7619047619047619, "_timestamp": 1701481228.9994822, "_runtime": 353.65718722343445, "_step": 9, "_wandb": {"runtime": 353}}