{"epoch": 10, "train_loss": 0.00043461658539046584, "train_acc": 1.0, "val_loss": 0.614174252996842, "val_acc": 0.8968253968253969, "_timestamp": 1701490517.7167258, "_runtime": 2766.4390017986298, "_step": 9, "_wandb": {"runtime": 2765}}