{"epoch": 20, "train_loss": 0.00027325339648877675, "train_acc": 1.0, "val_loss": 0.47703036832224044, "val_acc": 0.9047619047619048, "_timestamp": 1701547987.1874604, "_runtime": 1733.678079366684, "_step": 19, "_wandb": {"runtime": 1732}}