{"epoch": 10, "train_loss": 0.000366424161222075, "train_acc": 1.0, "val_loss": 0.5826457752418863, "val_acc": 0.8809523809523809, "_timestamp": 1701480051.8591182, "_runtime": 816.8830072879791, "_step": 9, "_wandb": {"runtime": 815}}