{"epoch": 20, "train_loss": 0.00010740710025743989, "train_acc": 1.0, "val_loss": 0.8101343861059564, "val_acc": 0.8849206349206349, "_timestamp": 1701494515.419898, "_runtime": 1715.7054600715637, "_step": 19, "_wandb": {"runtime": 1714}}