{"epoch": 40, "train_loss": 0.08794872994560549, "train_acc": 0.9692473698408417, "val_loss": 0.6700972062290499, "val_acc": 0.8263157894736842, "_timestamp": 1701549551.9205503, "_runtime": 1362.6838133335114, "_step": 39, "_wandb": {"runtime": 1362}}