{"epoch": 10, "train_loss": 0.00035932224346556187, "train_acc": 1.0, "val_loss": 0.5809922566903489, "val_acc": 0.8928571428571429, "_timestamp": 1701501284.4496572, "_runtime": 868.5633161067963, "_step": 9, "_wandb": {"runtime": 867}}