{"epoch": 5, "train_loss": 0.18372044999406945, "train_acc": 0.942360248447205, "val_loss": 0.793076529389336, "val_acc": 0.7420634920634921, "_timestamp": 1701474883.074918, "_runtime": 165.53276801109314, "_step": 4, "_wandb": {"runtime": 165}}