{"epoch": 2, "train_loss": 0.16592620607488645, "train_acc": 0.9428571428571428, "val_loss": 0.6433868966405354, "val_acc": 0.6944444444444444, "_timestamp": 1701476317.863921, "_runtime": 68.35350394248962, "_step": 1, "_wandb": {"runtime": 68}}