{"epoch": 8, "train_loss": 0.0016572770340728244, "train_acc": 0.999751552795031, "val_loss": 0.4180387576916329, "val_acc": 0.9007936507936508, "_timestamp": 1701478804.651146, "_runtime": 667.5855050086975, "_step": 7, "_wandb": {"runtime": 674}}