{"epoch": 30, "train_loss": 0.12243837256748114, "train_acc": 0.9570186335403726, "val_loss": 0.9912060276856498, "val_acc": 0.7658730158730159, "_timestamp": 1701483281.1120393, "_runtime": 1014.9798152446747, "_step": 29, "_wandb": {"runtime": 1014}}